Wind speed bins,Norm power
0,0
0.5,0
1,0
1.5,0
2,0
2.5,0
3,0.002135183
3.5,0.002488105
4,0.014973681
4.5,0.035718991
5,0.076007981
5.5,0.121096619
6,0.15288764
6.5,0.198884447
7,0.246735217
7.5,0.316858458
8,0.368580841
8.5,0.438226925
9,0.520859791
9.5,0.583986715
10,0.652722121
10.5,0.730569948
11,0.788281641
11.5,0.832129457
12,0.881948663
12.5,0.930528259
13,0.953606099
13.5,0.977502829
14,0.988035919
14.5,0.99228158
15,0.993627538
15.5,1
25,0
